{"modelName":"NaiveBayes","means":[[0.3854054020346433,0.22621705047580884,0.3359418854218243,0.4791811127620933,6.464355993255236,1.331345874630551,0.06077469619423617,0.07893153391264723,0.12204061416542751,0.27637444279346735,0.7750796009339826,0.40807790672624794],[0.2123745469698025,0.15627516057547,0.28966838419870106,0.37411370942880956,5.113392426135203,1.210439243073497,0.15076056423873793,0.18233299886653462,0.11444708680142594,0.15170432025366473,0.7215474774927844,0.37558292703411006]],"calculateProbabilities":[[-0.69299858110949,[1.832103031341233,-0.09483100228877776],[2.0233087585778513,-0.07775454856796354],[3.352046201077334,-0.02832892767215347],[2.448713368403027,-0.05308529350495339],[0.009558787647876496,-3483.730091912777],[1.2700848143173868,-0.19732616722086038],[5.304002389440905,-0.011314691187138312],[3.713444637873984,-0.023083210931608745],[2.08640054448666,-0.07312312657184515],[1.8063688073714208,-0.09755224691628665],[1.9469919680305676,-0.08396954646118211],[1.3358130427548793,-0.17838517886857153]],[-0.6932958020954794,[2.1295372909132095,-0.07019070883634489],[1.8729787105155151,-0.09073700609527231],[3.2193244791274265,-0.03071288570142646],[2.5325095868375196,-0.049630417798012326],[0.009507152562866487,-3521.6744051403734],[1.722142055550379,-0.10732778885394655],[10.238950056275614,-0.0030362622367901175],[6.778842171995773,-0.006926902617717451],[2.151721492262681,-0.06875084046870136],[1.8365251759690693,-0.09437486748437972],[1.512507800413104,-0.13914092336703193],[1.2975686195914977,-0.18905556221012176]]]}